KamiPrzyOre_10g_00,KamiPrzyPomZCzoIBaz_15g_00,KamiMuszDel_185g_00,image
brak,brak,obecny,60d99f178d967f7732376ff7.jpg
brak,brak,obecny,60d99f138d967f7732376ff1.jpg
brak,brak,obecny,60d99f0e8d967f7732376fec.jpg
brak,brak,brak,60d99f0a8d967f7732376fe8.jpg
brak,brak,brak,60d99f068d967f7732376fe4.jpg
obecny,obecny,brak,60d99f028d967f7732376fe0.jpg
brak,brak,brak,60d989b88d967f7732376907.jpg
brak,brak,obecny,60d989b68d967f7732376904.jpg
brak,brak,obecny,60d989b48d967f77323768fd.jpg
brak,brak,obecny,60d989b28d967f77323768f7.jpg
brak,brak,obecny,60d989b18d967f77323768f3.jpg
brak,brak,obecny,60d989b08d967f77323768ed.jpg
brak,brak,brak,60d989ae8d967f77323768e8.jpg
brak,brak,brak,60d989ad8d967f77323768e4.jpg
brak,brak,brak,60d989ab8d967f77323768df.jpg
brak,brak,brak,60d989a98d967f77323768d8.jpg
brak,brak,brak,60d989a78d967f77323768d4.jpg
brak,brak,brak,60d989a68d967f77323768d0.jpg
brak,brak,brak,60d989a48d967f77323768cc.jpg
brak,brak,brak,60d989a28d967f77323768c8.jpg
brak,brak,obecny,60d989a18d967f77323768c0.jpg
brak,brak,obecny,60d9899f8d967f77323768bc.jpg
brak,brak,obecny,60d9899d8d967f77323768b8.jpg
brak,brak,obecny,60d9899b8d967f77323768b4.jpg
brak,brak,obecny,60d989998d967f77323768ae.jpg
brak,brak,obecny,60d989978d967f77323768aa.jpg
brak,brak,obecny,60d989958d967f77323768a5.jpg
brak,brak,obecny,60d989938d967f77323768a0.jpg
brak,brak,obecny,60d989908d967f7732376899.jpg
brak,brak,obecny,60d9898f8d967f7732376895.jpg
brak,brak,obecny,60d9898d8d967f7732376891.jpg
brak,brak,obecny,60d9898c8d967f773237688d.jpg
brak,brak,obecny,60d989898d967f7732376888.jpg
brak,brak,obecny,60d989888d967f7732376884.jpg
brak,brak,obecny,60d989878d967f773237687d.jpg
brak,brak,obecny,60d989848d967f7732376878.jpg
brak,brak,obecny,60d989838d967f7732376873.jpg
brak,brak,obecny,60d989828d967f7732376870.jpg
brak,brak,obecny,60d989818d967f773237686c.jpg
brak,brak,obecny,60d989808d967f7732376867.jpg
brak,brak,obecny,60d9897f8d967f7732376864.jpg
brak,brak,obecny,60d9897e8d967f7732376860.jpg
brak,brak,obecny,60d9897c8d967f773237685a.jpg
brak,brak,obecny,60d9897b8d967f7732376855.jpg
brak,brak,obecny,60d989798d967f773237684d.jpg
brak,brak,obecny,60d989778d967f7732376849.jpg
brak,brak,obecny,60d989758d967f7732376844.jpg
obecny,obecny,brak,60d989748d967f773237683d.jpg
brak,brak,obecny,60d989728d967f7732376838.jpg
brak,brak,obecny,60d989708d967f7732376834.jpg
brak,brak,obecny,60d9896e8d967f773237682f.jpg
obecny,obecny,brak,60d9896d8d967f773237682b.jpg
obecny,obecny,brak,60d9896a8d967f7732376826.jpg
brak,brak,brak,60d989688d967f7732376822.jpg
obecny,obecny,brak,60d989658d967f773237681d.jpg
obecny,brak,brak,60d989638d967f7732376819.jpg
obecny,obecny,brak,60d989618d967f7732376815.jpg
obecny,brak,brak,60d9895f8d967f7732376811.jpg
obecny,brak,brak,60d9895c8d967f773237680a.jpg
obecny,obecny,brak,60d9895a8d967f7732376806.jpg
obecny,obecny,brak,60d989598d967f7732376802.jpg
obecny,obecny,brak,60d989578d967f77323767fd.jpg
obecny,obecny,brak,60d989558d967f77323767f6.jpg
obecny,obecny,brak,60d989538d967f77323767f2.jpg
obecny,obecny,brak,60d989518d967f77323767ee.jpg
obecny,obecny,brak,60d989508d967f77323767e8.jpg
obecny,obecny,brak,60d9894e8d967f77323767e4.jpg
obecny,obecny,brak,60d9894c8d967f77323767e0.jpg
obecny,obecny,brak,60d9894a8d967f77323767db.jpg
obecny,brak,brak,60d989498d967f77323767d4.jpg
brak,brak,brak,60d989488d967f77323767d1.jpg
obecny,brak,brak,60d989468d967f77323767cc.jpg
brak,brak,brak,60d989448d967f77323767c4.jpg
obecny,brak,brak,60d989448d967f77323767c1.jpg
brak,brak,brak,60d989428d967f77323767bc.jpg
obecny,obecny,brak,60d989408d967f77323767b8.jpg
obecny,brak,brak,60d9893f8d967f77323767b4.jpg
obecny,brak,brak,60d9893e8d967f77323767b1.jpg
obecny,brak,brak,60d9893d8d967f77323767ad.jpg
obecny,brak,brak,60d9893c8d967f77323767a9.jpg
obecny,brak,brak,60d9893a8d967f77323767a3.jpg
brak,obecny,brak,60d989388d967f773237679f.jpg
brak,obecny,brak,60d989388d967f773237679b.jpg
brak,obecny,brak,60d989368d967f7732376797.jpg
brak,obecny,brak,60d989358d967f7732376793.jpg
brak,obecny,brak,60d989348d967f773237678f.jpg
brak,obecny,brak,60d989338d967f773237678b.jpg
brak,obecny,brak,60d989328d967f7732376787.jpg
brak,obecny,brak,60d989318d967f7732376783.jpg
obecny,obecny,brak,60d989308d967f773237677f.jpg
obecny,obecny,brak,60d9892f8d967f773237677b.jpg
obecny,obecny,brak,60d9892e8d967f7732376777.jpg
obecny,obecny,brak,60d9892d8d967f7732376773.jpg
obecny,obecny,brak,60d9892c8d967f773237676f.jpg
obecny,obecny,brak,60d9892b8d967f773237676b.jpg
obecny,obecny,brak,60d9892a8d967f7732376767.jpg
obecny,obecny,brak,60d989298d967f7732376762.jpg
obecny,obecny,brak,60d989278d967f773237675f.jpg
brak,obecny,obecny,60d989268d967f7732376756.jpg
obecny,obecny,brak,60d989258d967f7732376752.jpg
